"RecType","LOINC_NUM","COMPONENT","PROPERTY","TIME_ASPCT","SYSTEM","SCALE_TYP","METHOD_TYP","CLASS"
"ADD","100000-9","Health informatics pioneer and the father of LOINC","Hx","Pt","^Patient","Nar","","H&P.HX"
"ADD","100001-7","Health informatics pioneer and cofounder of LOINC","Hx","Pt","^Patient","Nar","","H&P.HX"
"BEFORE","100888-7","West African monkeypox virus DNA","PrThr","Pt","XXX","Ord","Probe.amp.tar","MICRO"
"CHANGED","100888-7","Monkeypox virus clade II DNA","PrThr","Pt","XXX","Ord","Probe.amp.tar","MICRO"
"BEFORE","100889-5","Congo Basin monkeypox virus DNA","PrThr","Pt","XXX","Ord","Probe.amp.tar","MICRO"
"CHANGED","100889-5","Monkeypox virus clade I DNA","PrThr","Pt","XXX","Ord","Probe.amp.tar","MICRO"
"ADD","100969-5","Pathology report.additional specified observation","Find","Pt","Specimen","Nar","","PATH"
"ADD","100970-3","Portable medical order completion information","-","-","^Patient","-","POLST","CLIN"
"ADD","100971-1","Clinical record panel","-","Pt","^Patient","-","","PANEL.DOC"
"ADD","100972-9","Influenza virus A & Influenza virus B & SARS coronavirus 2 RNA panel","-","Pt","Nose","-","Non-probe.amp.tar","PANEL.MICRO"
"ADD","100973-7","Influenza virus A RNA","PrThr","Pt","Nose","Ord","Non-probe.amp.tar","MICRO"
"ADD","100974-5","Influenza virus B RNA","PrThr","Pt","Nose","Ord","Non-probe.amp.tar","MICRO"
"ADD","100975-2","Induced abortion method","Type","Pt","^Patient","Nom","*","H&P.HX"
"ADD","100976-0","Eosinophil derived neurotoxin","MCnc","Pt","Ser/Plas","Qn","","CHEM"
"ADD","100977-8","JC virus Ab Index","ACnc","Pt","Ser/Plas","Qn","IA","MICRO"
"ADD","100978-6","Thyroxine.free.gestational","SCnc","Pt","Ser/Plas","Qn","IA","CHEM"
"ADD","100979-4","Atopobium vaginae DNA","PrThr","Pt","Urine","Ord","Probe.amp.tar","MICRO"
"ADD","100980-2","BK Virus DNA","LnCnc","Pt","CSF","Qn","Probe.amp.tar","MICRO"
"ADD","100981-0","Parvovirus B19 DNA","LnCnc","Pt","XXX","Qn","Probe.amp.tar","MICRO"
"ADD","100982-8","Varicella Zoster Virus DNA","LnCnc","Pt","XXX","Qn","Probe.amp.tar","MICRO"
"ADD","100983-6","HIV reverse transcriptase failed codons","Prid","Pt","Isolate","Nom","Genotyping","ABXBACT"
"ADD","100984-4","HIV 1 group M RNA genotype","Prid","Pt","Isolate","Nom","Genotyping","ABXBACT"
"ADD","100985-1","HIV protease failed codons","Prid","Pt","Isolate","Nom","Genotyping","ABXBACT"
"ADD","100986-9","HIV integrase failed codons","Prid","Pt","Isolate","Nom","Genotyping","ABXBACT"
"ADD","100987-7","Lymphocyte T-cell & B-cell & Natural killer subsets panel","-","Pt","CSF","-","","PANEL.CELLMARK"
"ADD","100988-5","Phosphoglucomutase","CCnc","Pt","Fibroblasts","Qn","","CHEM"
"ADD","100989-3","Phosphoglucomutase","CCnc","Pt","WBC","Qn","","CHEM"
"ADD","100990-1","Blood group antigens panel","-","Pt","RBC^Father","-","","PANEL.BLDBK"
"ADD","100991-9","CD52 cell expression evaluation","Find","Pt","XXX","Doc","Flow cytometry","CELLMARK"
"ADD","100992-7","CD20 cell expression evaluation","Find","Pt","XXX","Doc","Flow cytometry","CELLMARK"
"ADD","100993-5","CD49d cell expression evaluation","Find","Pt","XXX","Doc","Flow cytometry","CELLMARK"
"ADD","100994-3","B-cell CD19 & CD20 subsets panel","-","Pt","Bld","-","Flow cytometry","PANEL.CELLMARK"
"ADD","100995-0","Laceyella sacchari Ab.IgG","PrThr","Pt","Ser","Ord","","MICRO"
"ADD","100996-8","Neurofilament light chain","MCnc","Pt","CSF","Qn","","CHEM"
"ADD","100997-6","Respiratory Allergen Panel, Area 5","-","Pt","Ser","-","","PANEL.ALLERGY"
"ADD","100998-4","Cortisol post dose insulin IV panel","-","Pt","Ser/Plas","-","","PANEL.CHAL"
"ADD","100999-2","Somatotropin post dose insulin IV panel","-","Pt","Ser/Plas","-","","PANEL.CHAL"
"ADD","101000-8","Health informatics leader and champion of semantic interoperability","Hx","Pt","^Patient","Nar","","H&P.HX"
"ADD","101001-6","Chief technical architect and steadfast leader of LOINC","Hx","Pt","^Patient","Nar","","H&P.HX"
"ADD","101002-4","Monkeypox virus sequencing panel","-","Pt","XXX","-","Sequencing","PANEL.MICRO"
"ADD","101003-2","Monkeypox virus clade","Type","Pt","XXX","Nom","Sequencing","MICRO"
"ADD","101004-0","Monkeypox virus lineage","Type","Pt","XXX","Nom","Sequencing","MICRO"
"ADD","101005-7","Discharge summary note","Find","Pt","{Setting}","Doc","Hospitalist","DOC.ONTOLOGY"
"ADD","101006-5","Discharge summary note","Find","Pt","{Setting}","Doc","Osteopathic medicine","DOC.ONTOLOGY"
"ADD","101007-3","Discharge summary note","Find","Pt","{Setting}","Doc","Chiropody","DOC.ONTOLOGY"
"ADD","101008-1","History and physical note","Find","Pt","{Setting}","Doc","Medical aid in dying","DOC.ONTOLOGY"
"ADD","101009-9","History and physical note","Find","Pt","{Setting}","Doc","Integrative medicine","DOC.ONTOLOGY"
"ADD","101010-7","History and physical note","Find","Pt","{Setting}","Doc","Bariatric surgery","DOC.ONTOLOGY"
"ADD","101011-5","History and physical note","Find","Pt","{Setting}","Doc","Chiropody","DOC.ONTOLOGY"
"ADD","101012-3","History and physical note","Find","Pt","{Setting}","Doc","Chiropractic medicine","DOC.ONTOLOGY"
"ADD","101013-1","History and physical note","Find","Pt","{Setting}","Doc","Community health care","DOC.ONTOLOGY"
"ADD","101014-9","History and physical note","Find","Pt","{Setting}","Doc","Clinical cardiac electrophysiology","DOC.ONTOLOGY"
"ADD","101015-6","History and physical note","Find","Pt","{Setting}","Doc","Surgical oncology","DOC.ONTOLOGY"
"ADD","101016-4","History and physical note","Find","Pt","{Setting}","Doc","Undersea and hyperbaric medicine","DOC.ONTOLOGY"
"ADD","101017-2","History and physical note","Find","Pt","{Setting}","Doc","Kinesiotherapy","DOC.ONTOLOGY"
"ADD","101018-0","History and physical note","Find","Pt","{Setting}","Doc","Hospitalist","DOC.ONTOLOGY"
"ADD","101019-8","History and physical note","Find","Pt","{Setting}","Doc","Nuclear medicine","DOC.ONTOLOGY"
"ADD","101020-6","History and physical note","Find","Pt","{Setting}","Doc","Diabetology","DOC.ONTOLOGY"
"ADD","101021-4","History and physical note","Find","Pt","{Setting}","Doc","Optometry","DOC.ONTOLOGY"
"ADD","101022-2","History and physical note","Find","Pt","{Setting}","Doc","Osteopathic medicine","DOC.ONTOLOGY"
"ADD","101023-0","History and physical note","Find","Pt","{Setting}","Doc","Orthotics prosthetics","DOC.ONTOLOGY"
"ADD","101024-8","History and physical note","Find","Pt","{Setting}","Doc","Reproductive endocrinology and infertility","DOC.ONTOLOGY"
"ADD","101025-5","History and physical note","Find","Pt","{Setting}","Doc","Sports medicine","DOC.ONTOLOGY"
"ADD","101026-3","History and physical note","Find","Pt","Urgent care center","Doc","{Role}","DOC.ONTOLOGY"
"ADD","101027-1","History and physical note","Find","Pt","{Setting}","Doc","Child and adolescent psychology","DOC.ONTOLOGY"
"ADD","101028-9","History and physical note","Find","Pt","{Setting}","Doc","Cardiac surgery","DOC.ONTOLOGY"
"ADD","101029-7","History and physical note","Find","Pt","{Setting}","Doc","Hematology+Medical oncology","DOC.ONTOLOGY"
"ADD","101030-5","History and physical note","Find","Pt","{Setting}","Doc","Neuropsychology","DOC.ONTOLOGY"
"ADD","101031-3","Consultation note","Find","Pt","{Setting}","Doc","Chiropody","DOC.ONTOLOGY"
"ADD","101032-1","Consultation note","Find","Pt","{Setting}","Doc","Physician assistant","DOC.ONTOLOGY"
"ADD","101033-9","Procedure note","Find","Pt","{Setting}","Doc","Chiropody","DOC.ONTOLOGY"
"ADD","101034-7","Procedure note","Find","Pt","{Setting}","Doc","Chiropractic medicine","DOC.ONTOLOGY"
"ADD","101035-4","Procedure note","Find","Pt","{Setting}","Doc","Osteopathic medicine","DOC.ONTOLOGY"
"ADD","101036-2","Progress note","Find","Pt","{Setting}","Doc","Integrative medicine","DOC.ONTOLOGY"
"ADD","101037-0","Progress note","Find","Pt","{Setting}","Doc","Chiropody","DOC.ONTOLOGY"
"ADD","101038-8","Consultation note","Find","Pt","{Setting}","Doc","Aerospace medicine","DOC.ONTOLOGY"
"ADD","101039-6","Progress note","Find","Pt","{Setting}","Doc","Aerospace medicine","DOC.ONTOLOGY"
"ADD","101040-4","Procedure note","Find","Pt","{Setting}","Doc","Integrative medicine","DOC.ONTOLOGY"
"ADD","101041-2","Procedure note","Find","Pt","{Setting}","Doc","Aerospace medicine","DOC.ONTOLOGY"
"ADD","101042-0","Progress note","Find","Pt","Urgent care center","Doc","{Role}","DOC.ONTOLOGY"
"ADD","101043-8","Consultation note","Find","Pt","Urgent care center","Doc","{Role}","DOC.ONTOLOGY"
"ADD","101044-6","Procedure note","Find","Pt","{Setting}","Doc","Bariatric surgery","DOC.ONTOLOGY"
"ADD","101045-3","Procedure note","Find","Pt","{Setting}","Doc","Hospitalist","DOC.ONTOLOGY"
"ADD","101046-1","Progress note","Find","Pt","{Setting}","Doc","Hospitalist","DOC.ONTOLOGY"
"ADD","101047-9","Consultation note","Find","Pt","{Setting}","Doc","Undersea and hyperbaric medicine","DOC.ONTOLOGY"
"ADD","101048-7","Consultation note","Find","Pt","{Setting}","Doc","Hospitalist","DOC.ONTOLOGY"
"ADD","101049-5","Surgical operation note","Find","Pt","{Setting}","Doc","Anesthesiology","DOC.ONTOLOGY"
"ADD","101050-3","Surgical operation note","Find","Pt","{Setting}","Doc","Bariatric surgery","DOC.ONTOLOGY"
"ADD","101051-1","Surgical operation note","Find","Pt","{Setting}","Doc","Reproductive endocrinology and infertility","DOC.ONTOLOGY"
"ADD","101052-9","Consultation note","Find","Pt","{Setting}","Doc","Osteopathic medicine","DOC.ONTOLOGY"
"ADD","101053-7","Evaluation note","Find","Pt","{Setting}","Doc","Obstetrics.midwife","DOC.ONTOLOGY"
"ADD","101054-5","Note","Find","Pt","Outpatient","Doc","Chiropody","DOC.ONTOLOGY"
"ADD","101055-2","Conference note","Find","Pt","{Setting}","Doc","Critical care medicine.team","DOC.ONTOLOGY"
"ADD","101056-0","Conference note","Find","Pt","{Setting}","Doc","Rapid response team","DOC.ONTOLOGY"
"ADD","101057-8","Admission evaluation note","Find","Pt","Telehealth","Doc","Psychiatry","DOC.ONTOLOGY"
"ADD","101058-6","Conference note","Find","Pt","{Setting}","Doc","Geriatric medicine.team","DOC.ONTOLOGY"
"ADD","101059-4","Letter","Find","Pt","{Setting}","Doc","Geriatric medicine","DOC.ONTOLOGY"
"ADD","101060-2","A little n super little a Ab","PrThr","Pt","Ser/Plas","Ord","","BLDBK"
"ADD","101061-0","B little e super little a Ab","PrThr","Pt","Ser/Plas","Ord","","BLDBK"
"ADD","101062-8","BARC Ab","PrThr","Pt","Ser/Plas","Ord","","BLDBK"
"ADD","101063-6","C little o3 Ab","PrThr","Pt","Ser/Plas","Ord","","BLDBK"
"ADD","101064-4","C little o3 Ag","PrThr","Pt","RBC","Ord","","BLDBK"
"ADD","101065-1","C little o4 Ab","PrThr","Pt","Ser/Plas","Ord","","BLDBK"
"ADD","101066-9","C little r super little a Ab","PrThr","Pt","Ser/Plas","Ord","","BLDBK"
"ADD","101067-7","C little s super little b Ab","PrThr","Pt","Ser/Plas","Ord","","BLDBK"
"ADD","101068-5","C little s super little b Ag","PrThr","Pt","RBC","Ord","","BLDBK"
"ADD","101069-3","CE Ab","PrThr","Pt","Ser/Plas","Ord","","BLDBK"
"ADD","101070-1","CEAG Ab","PrThr","Pt","Ser/Plas","Ord","","BLDBK"
"ADD","101071-9","CELO Ab","PrThr","Pt","Ser/Plas","Ord","","BLDBK"
"ADD","101072-7","CENR Ab","PrThr","Pt","Ser/Plas","Ord","","BLDBK"
"ADD","101073-5","CEST Ab","PrThr","Pt","Ser/Plas","Ord","","BLDBK"
"ADD","101074-3","CEVF Ab","PrThr","Pt","Ser/Plas","Ord","","BLDBK"
"ADD","101075-0","Crawford Ab","PrThr","Pt","Ser/Plas","Ord","","BLDBK"
"ADD","101076-8","D little h super little a Ab","PrThr","Pt","Ser/Plas","Ord","","BLDBK"
"ADD","101077-6","D little r super little a Ab","PrThr","Pt","Ser/Plas","Ord","","BLDBK"
"ADD","101078-4","D little w Ab","PrThr","Pt","Ser/Plas","Ord","","BLDBK"
"ADD","101079-2","DAK Ab","PrThr","Pt","Ser/Plas","Ord","","BLDBK"
"ADD","101080-0","E little n super little a Ab","PrThr","Pt","Ser/Plas","Ord","","BLDBK"
"ADD","101081-8","E little s super little a Ab","PrThr","Pt","Ser/Plas","Ord","","BLDBK"
"ADD","101082-6","Evans Ab","PrThr","Pt","Ser/Plas","Ord","","BLDBK"
"ADD","101083-4","F little y5 Ab","PrThr","Pt","Ser/Plas","Ord","","BLDBK"
"ADD","101084-2","FPTT Ab","PrThr","Pt","Ser/Plas","Ord","","BLDBK"
"ADD","101085-9","G little e1 Ab","PrThr","Pt","Ser/Plas","Ord","","BLDBK"
"ADD","101086-7","G little e2 Ab","PrThr","Pt","Ser/Plas","Ord","","BLDBK"
"ADD","101087-5","G little e2 Ag","PrThr","Pt","RBC","Ord","","BLDBK"
"ADD","101088-3","G little e3 Ab","PrThr","Pt","Ser/Plas","Ord","","BLDBK"
"ADD","101089-1","G little e3 Ag","PrThr","Pt","RBC","Ord","","BLDBK"
"ADD","101090-9","G little e4 Ab","PrThr","Pt","Ser/Plas","Ord","","BLDBK"
"ADD","101091-7","H little r super little s Ab","PrThr","Pt","Ser/Plas","Ord","","BLDBK"
"ADD","101092-5","H little r super B Ab","PrThr","Pt","Ser/Plas","Ord","","BLDBK"
"ADD","101093-3","H little u little t Ab","PrThr","Pt","Ser/Plas","Ord","","BLDBK"
"ADD","101094-1","I little n super little a Ab","PrThr","Pt","Ser/Plas","Ord","","BLDBK"
"ADD","101095-8","IFC Ab","PrThr","Pt","Ser/Plas","Ord","","BLDBK"
"ADD","101096-6","J little o super little a Ab","PrThr","Pt","Ser/Plas","Ord","","BLDBK"
"ADD","101097-4","JAHK Ab","PrThr","Pt","Ser/Plas","Ord","","BLDBK"
"ADD","101098-2","JMH Ag","PrThr","Pt","RBC","Ord","","BLDBK"
"ADD","101099-0","K little m Ab","PrThr","Pt","Ser/Plas","Ord","","BLDBK"
"ADD","101100-6","K little u Ag","PrThr","Pt","RBC","Ord","","BLDBK"
"ADD","101101-4","K little x Ab","PrThr","Pt","Ser/Plas","Ord","","BLDBK"
"ADD","101102-2","K little x Ag","PrThr","Pt","RBC","Ord","","BLDBK"
"ADD","101103-0","C super G Ab","PrThr","Pt","Ser/Plas","Ord","","BLDBK"
"ADD","101104-8","Minimum Data Set (MDS) - version 3.0 - Resident Assessment Instrument (RAI) version 1.18.11","-","Pt","^Patient","-","CMS Assessment","PANEL.SURVEY.CMS"
"ADD","101105-5","MDS v3.0 - RAI v1.18.11 - Nursing home comprehensive (NC) item set","-","Pt","^Patient","-","CMS Assessment","PANEL.SURVEY.CMS"
"ADD","101114-7","National Council of State Boards of Nursing ID","ID","Pt","Provider","Nom","","ADMIN.ID"
"ADD","101115-4","Leukotriene E4/Creatinine","MRto","24H","Urine","Qn","","CHEM"
"ADD","101116-2","Thrombospondin type I domain-containing 7A Ag","PrThr","Pt","Tiss","Ord","IF","PATH"
"ADD","101117-0","Sezary syndrome monitoring","Find","Pt","Bld","Doc","Flow cytometry","CELLMARK"
"ADD","101118-8","Sezary syndrome diagnosis","Find","Pt","Bld","Doc","Flow cytometry","CELLMARK"
"ADD","101119-6","Leukemia and lymphoma immunophenotyping","Find","Pt","XXX","Doc","Flow cytometry","CELLMARK"
"ADD","101120-4","Candida glabrata+krusei DNA","PrThr","Pt","Bld","Ord","Probe.amp.tar","MICRO"
"ADD","101121-2","Candida albicans+tropicalis DNA","PrThr","Pt","Bld","Ord","Probe.amp.tar","MICRO"
"ADD","101122-0","Mephobarbital","MCnc","Pt","Bld","Qn","Confirm","DRUG/TOX"
"ADD","101123-8","Bacterial carbapenem resistance blaIMI gene","PrThr","Pt","Isolate/Specimen","Ord","Molgen","ABXBACT"
"ADD","101124-6","Bacterial carbapenem resistance blaIMI+blaNMC genes","PrThr","Pt","Isolate/Specimen","Ord","Molgen","ABXBACT"
"ADD","101125-3","Bacterial carbapenem resistance blaOXA-235-like gene","PrThr","Pt","Isolate/Specimen","Ord","Molgen","ABXBACT"
"ADD","101126-1","Bacterial carbapenem resistance blaOXA-24+blaOXA-40 genes","PrThr","Pt","Isolate/Specimen","Ord","Molgen","ABXBACT"
"ADD","101127-9","Bacterial carbapenem resistance blaSIM gene","PrThr","Pt","Isolate/Specimen","Ord","Molgen","ABXBACT"
"ADD","101128-7","Theoretical limit of detection","Num","Pt","XXX","Qn","Calculated","MISC"
"ADD","101129-5","Assay Sensitivity","Num","Pt","Laboratory device","Qn","","DEVICES"
"ADD","101130-3","Mast cells/100 cells","NFr","Pt","Bone mar","Qn","Flow cytometry","HEM/BC"
"ADD","101131-1","B-cell precursors","NFr","Pt","Bone marrow","Qn","Flow cytometry","HEM/BC"
"ADD","101132-9","Glucose post XXX challenge panel","-","Pt","Ser/Plas","-","","PANEL.CHAL"
"ADD","101133-7","Organ &or tissue donation consent","Find","Pt","{Setting}","Doc","Patient","DOC.ONTOLOGY"
"ADD","101134-5","Appointment reminder","Find","Pt","{Setting}","Doc","{Role}","DOC.ONTOLOGY"
"ADD","101135-2","Discharge Summary Note","Find","Pt","Ambulance","Doc","{Role}","DOC.ONTOLOGY"
"ADD","101136-0","End of treatment letter","Find","Pt","{Setting}","Doc","Radiation oncology","DOC.ONTOLOGY"
"ADD","101137-8","MNS29","PrThr","Pt","Ser/Plas","Ord","","BLDBK"
"ADD","101138-6","ER super little a Ab","PrThr","Pt","Ser/Plas","Ord","","BLDBK"
"ADD","101139-4","H little ro Ab","PrThr","Pt","Ser/Plas","Ord","","BLDBK"
"ADD","101140-2","Salmonella sp Ag","PrThr","Pt","Stool","Ord","IA.rapid","MICRO"
"ADD","101141-0","NAT2 gene targeted mutation analysis","Find","Pt","Bld/Tiss","Doc","Molgen","MOLPATH.PHARMG"
"ADD","101142-8","NAT2 gene allele","Geno","Pt","Bld/Tiss","Nom","Molgen","MOLPATH.PHARMG"
"ADD","101143-6","NAT2 gene product metabolic activity interpretation","Imp","Pt","Bld/Tiss","Ord","Molgen","MOLPATH.PHARMG"
"ADD","101144-4","Ustekinumab & Ustekinumab Ab panel","-","Pt","Ser/Plas","-","","PANEL.DRUG/TOX"
"ADD","101145-1","Ustekinumab^trough","MCnc","Pt","Ser/Plas","Qn","IA","DRUG/TOX"
"ADD","101146-9","Monocyte subsets panel","-","Pt","Bld","-","Flow cytometry","PANEL.CELLMARK"
"ADD","101147-7","Monocytes/100 leukocytes","NFr","Pt","Bld","Qn","Flow cytometry","CELLMARK"
"ADD","101148-5","Monocytes.CD14+CD16-/100 Monocytes","NFr","Pt","Bld","Qn","","CELLMARK"
"ADD","101149-3","Borrelia burgdorferi Ab.IgM index","ACnc","Pt","Ser+CSF","Qn","","MICRO"
"ADD","101150-1","Cardiac output","VRat","Pt","Heart.ventricle.right","Qn","Fick","HEMODYN.MOLEC"
"ADD","101151-9","Cardiac output","VRat","Pt","Heart.ventricle.right","Qn","Indicator dilution","HEMODYN.MOLEC"
"ADD","101152-7","Mitochondria whole genome analysis","Find","Pt","Bld/Tiss","Doc","Molgen","MOLPATH"
"ADD","101153-5","Chemokine (C-C motif) ligand 14","MCnc","Pt","Urine","Qn","IA","CHEM"
"ADD","101154-3","Calprotectin","MCnc","Pt","Ser/Plas","Qn","","CHEM"
"ADD","101155-0","Alpha hydroxyetizolam/Creatinine","MRto","Pt","Urine","Qn","Confirm","DRUG/TOX"
"ADD","101156-8","Alpha hydroxyetizolam","PrThr","Pt","Urine","Ord","Confirm","DRUG/TOX"
"ADD","101157-6","Flualprazolam/Creatinine","MRto","Pt","Urine","Qn","Confirm","DRUG/TOX"
"ADD","101158-4","Flualprazolam","PrThr","Pt","Urine","Ord","Confirm","DRUG/TOX"
"ADD","101159-2","Flubromazolam/Creatinine","MRto","Pt","Urine","Qn","Confirm","DRUG/TOX"
"ADD","101160-0","Flubromazolam","PrThr","Pt","Urine","Ord","Confirm","DRUG/TOX"
"ADD","101161-8","4-Fluorofentanyl/Creatinine","MRto","Pt","Urine","Qn","Confirm","DRUG/TOX"
"ADD","101162-6","4-Fluorofentanyl","PrThr","Pt","Urine","Ord","Confirm","DRUG/TOX"
"ADD","101163-4","Brorphine","MCnc","Pt","Urine","Qn","Confirm","DRUG/TOX"
"ADD","101164-2","Brorphine/Creatinine","MRto","Pt","Urine","Qn","Confirm","DRUG/TOX"
"ADD","101165-9","Brorphine","PrThr","Pt","Urine","Ord","Confirm","DRUG/TOX"
"ADD","101166-7","Metonitazene","MCnc","Pt","Urine","Qn","Confirm","DRUG/TOX"
"ADD","101167-5","Metonitazene/Creatinine","MRto","Pt","Urine","Qn","Confirm","DRUG/TOX"
"ADD","101168-3","Metonitazene","PrThr","Pt","Urine","Ord","Confirm","DRUG/TOX"
"ADD","101169-1","2-Methyl AP-237","MCnc","Pt","Urine","Qn","Confirm","DRUG/TOX"
"ADD","101170-9","Soluble urokinase plasminogen activator receptor","MCnc","Pt","Ser/Plas","Qn","","CHEM"
"ADD","101171-7","2-Methyl AP-237/Creatinine","MRto","Pt","Urine","Qn","Confirm","DRUG/TOX"
"ADD","101172-5","Chlamydia trachomatis & Neisseria gonorrhoeae & Trichomonas vaginalis rRNA panel","-","Pt","XXX","-","Probe.amp.tar","PANEL.MICRO"
"ADD","101173-3","Melatonin","SCnc","Pt","Saliva","Qn","","CHEM"
"ADD","101174-1","17-Hydroxyprogesterone","MCnc","Pt","Saliva","Qn","","CHEM"
"ADD","101175-8","3-Methoxytyramine.free/Creatinine","SRto","Pt","Ser/Plas","Qn","","CHEM"
"ADD","101176-6","Normetanephrine.free/Creatinine","SRto","Pt","Ser/Plas","Qn","","CHEM"
"ADD","101177-4","Metanephrine.free/Creatinine","SRto","Pt","Ser/Plas","Qn","","CHEM"
"ADD","101178-2","Pneumocystis jiroveci DNA","ThreshNum","Pt","Respiratory","Qn","Probe.amp.tar","MICRO"
"ADD","101179-0","Immunoglobulin light chains.free/Protein.total","MFr","24H","Urine","Qn","","CHEM"
"ADD","101180-8","2-methyl AP-237","PrThr","Pt","Urine","Ord","Confirm","DRUG/TOX"
"ADD","101181-6","MDMB-4en-PINACA","MCnc","Pt","Urine","Qn","Confirm","DRUG/TOX"
"ADD","101182-4","MDMB-4en-PINACA/Creatinine","MRto","Pt","Urine","Qn","Confirm","DRUG/TOX"
"ADD","101183-2","MDMB-4en-PINACA","PrThr","Pt","Urine","Ord","Confirm","DRUG/TOX"
"ADD","101184-0","4F-MDMB-BINACA","MCnc","Pt","Urine","Qn","Confirm","DRUG/TOX"
"ADD","101185-7","4F-MDMB-BINACA/Creatinine","MRto","Pt","Urine","Qn","Confirm","DRUG/TOX"
"ADD","101186-5","4F-MDMB-BINACA","PrThr","Pt","Urine","Ord","Confirm","DRUG/TOX"
"ADD","101187-3","ADB-BUTINACA","MCnc","Pt","Urine","Qn","Confirm","DRUG/TOX"
"ADD","101188-1","ADB-BUTINACA/Creatinine","MRto","Pt","Urine","Qn","Confirm","DRUG/TOX"
"ADD","101189-9","ADB-BUTINACA","PrThr","Pt","Urine","Ord","Confirm","DRUG/TOX"
"ADD","101190-7","5F-MDMB-PICA","MCnc","Pt","Urine","Qn","Confirm","DRUG/TOX"
"ADD","101191-5","5F-MDMB-PICA/Creatinine","MRto","Pt","Urine","Qn","Confirm","DRUG/TOX"
"ADD","101192-3","5F-MDMB-PICA","PrThr","Pt","Urine","Ord","Confirm","DRUG/TOX"
"ADD","101193-1","Sphincter excision plane","Anat","Pt","Colorectal cancer specimen","Nom","","PATH"
"ADD","101194-9","Mesocolic excision plane","Anat","Pt","Colorectal cancer specimen","Nom","","PATH"
"ADD","101195-6","Depth of invasion beyond muscularis propria","Len","Pt","Colorectal cancer specimen","Qn","","PATH"
"ADD","101196-4","Inflammatory cell infiltrate","Find","Pt","Colorectal cancer specimen","Nom","","PATH"
"ADD","101197-2","Lymph nodes with metastasis/Lymph nodes examined","NFr","Pt","Colorectal cancer specimen","Qn","","PATH"
"ADD","101198-0","Albumin","MCnc","Pt","Ser/Plas","Qn","Nephelometry","CHEM"
"ADD","101199-8","Protein.monoclonal band 5/Protein.total","MFr","Pt","Ser/Plas","Qn","Electrophoresis","CHEM"
"ADD","101200-4","Protein.monoclonal band 6/Protein.total","MFr","Pt","Ser/Plas","Qn","Electrophoresis","CHEM"
"ADD","101201-2","Measles virus Ab.IgG index","ACnc","Pt","Ser+CSF","Qn","","MICRO"
"ADD","101202-0","Mumps virus Ab.IgG index","ACnc","Pt","Ser+CSF","Qn","","MICRO"
"ADD","101203-8","Herpes simplex virus 1+2 Ab.IgG index","ACnc","Pt","Ser+CSF","Qn","","MICRO"
"ADD","101204-6","Varicella zoster virus Ab.IgA","ACnc","Pt","Ser/Plas","Qn","IA","MICRO"
"ADD","101205-3","Plasmodium sp Ab.IgG","ACnc","Pt","Ser/Plas","Qn","IA","MICRO"
"ADD","101206-1","Dengue virus NS1 Ag","ACnc","Pt","Ser/Plas","Qn","IA","MICRO"
"ADD","101207-9","Hepatitis E virus Ab.IgG","PrThr","Pt","Ser/Plas","Ord","Line blot","MICRO"
"ADD","101208-7","Hepatitis E virus Ab.IgM","PrThr","Pt","Ser/Plas","Ord","Line blot","MICRO"
"ADD","101209-5","Hantavirus Ab.IgG panel","-","Pt","Ser/Plas","-","Line blot","PANEL.MICRO"
"ADD","101210-3","Hantavirus puumala Ab.IgG","PrThr","Pt","Ser/Plas","Ord","Line blot","MICRO"
"ADD","101211-1","Hantavirus sin nombre Ab.IgG","PrThr","Pt","Ser/Plas","Ord","Line blot","MICRO"
"ADD","101212-9","Hantavirus hantaan Ab.IgG","PrThr","Pt","Ser/Plas","Ord","Line blot","MICRO"
"ADD","101213-7","Hantavirus dobrava","PrThr","Pt","Ser/Plas","Ord","Line blot","MICRO"
"ADD","101214-5","Hantavirus Ab.IgM panel","-","Pt","Ser/Plas","-","Line blot","PANEL.MICRO"
"ADD","101215-2","Hantavirus puumala Ab.IgM","PrThr","Pt","Ser/Plas","Ord","Line blot","MICRO"
"ADD","101216-0","Hantavirus sin nombre Ab.IgM","PrThr","Pt","Ser/Plas","Ord","Line blot","MICRO"
"ADD","101217-8","Hantavirus hantaan Ab.IgM","PrThr","Pt","Ser/Plas","Ord","Line blot","MICRO"
"ADD","101218-6","Hantavirus dobrava Ab.IgM","PrThr","Pt","Ser/Plas","Ord","Line blot","MICRO"
"ADD","101219-4","Legionella sp DNA","PrThr","Pt","XXX","Ord","Probe.amp.tar","MICRO"
"ADD","101220-2","SUMO-activating enzyme subunit 1 Ab.IgG","ACnc","Pt","Ser","Qn","IA","SERO"
"ADD","101221-0","PM-SCL-100 extractable nuclear Ab","ACnc","Pt","Ser","Qn","IA","SERO"
"ADD","101222-8","Meropenem+Vaborbactam","Susc","Pt","Isolate","OrdQn","Agar diffusion","ABXBACT"
"ADD","101223-6","Normorphine/Creatinine","MRto","Pt","Urine","Qn","","DRUG/TOX"
"ADD","101224-4","PKD1 gene & PKD2 gene deletion+duplication","Find","Pt","Bld/Tiss","Doc","MLPA","MOLPATH.DELDUP"
"ADD","101225-1","Hemosiderin","PrThr","Pt","Bld/Bone mar","Ord","Prussian blue stain","HEM/BC"
"ADD","101226-9","Recoverin Ab","PrThr","Pt","Ser","Ord","IB","SERO"
"ADD","101227-7","Recoverin Ab","PrThr","Pt","CSF","Ord","IB","SERO"
"ADD","101228-5","Purkinje cell cytoplasmic type Tr Ab","PrThr","Pt","CSF","Ord","IB","SERO"
"ADD","101229-3","Zinc finger protein of the cerebellum 4 Ab","PrThr","Pt","Ser","Ord","IB","SERO"
"ADD","101230-1","Zinc finger protein of the cerebellum 4 Ab","PrThr","Pt","CSF","Ord","IB","SERO"
"ADD","101231-9","Neuronal nuclear Ab","PrThr","Pt","CSF","Ord","IB","SERO"
"ADD","101232-7","Glutamate decarboxylase 65 Ab","PrThr","Pt","CSF","Ord","IB","SERO"
"ADD","101233-5","Glutamate decarboxylase 65 Ab","PrThr","Pt","Ser","Ord","IB","SERO"
"ADD","101234-3","Glial nuclear type 1 Ab","PrThr","Pt","CSF","Ord","IB","SERO"
"ADD","101235-0","Glial nuclear type 1 Ab","PrThr","Pt","Ser","Ord","IB","SERO"
"ADD","101236-8","Titin Ab","PrThr","Pt","CSF","Ord","IB","SERO"
"ADD","101237-6","Titin Ab","PrThr","Pt","Ser","Ord","IB","SERO"
"ADD","101238-4","Spermatozoa.immotile/100 spermatozoa^post vasectomy","NFr","Pt","Semen","Qn","","FERT"
"ADD","101239-2","Mean chromosome banding resolution","Num","Pt","Bld/Tiss","Qn","Banding","MOLPATH.MISC"
"ADD","101240-0","Contactin-associated protein 2 Ab","PrThr","Pt","Ser/Plas","Ord","IF","SERO"
"ADD","101241-8","Contactin-associated protein 2 Ab","PrThr","Pt","CSF","Ord","IF","SERO"
"ADD","101242-6","Dipeptidyl aminopeptidase-like protein 6 Ab","PrThr","Pt","CSF","Ord","IF","SERO"
"ADD","101243-4","Dipeptidyl aminopeptidase-like protein 6 Ab","PrThr","Pt","Ser/Plas","Ord","IF","SERO"
"ADD","101244-2","Leucine-rich glioma-inactivated protein 1 Ab","PrThr","Pt","CSF","Ord","IF","SERO"
"ADD","101245-9","Leucine-rich glioma-inactivated protein 1 Ab","PrThr","Pt","Ser/Plas","Ord","IF","SERO"
"ADD","101246-7","N-methyl-D-aspartate receptor Ab","PrThr","Pt","Ser/Plas","Ord","IF","SERO"
"ADD","101247-5","N-methyl-D-aspartate receptor Ab","PrThr","Pt","CSF","Ord","IF","SERO"
"ADD","101248-3","Pathologic casts","PrThr","Pt","Urine sed","Ord","Microscopy.light","UA"
"ADD","101249-1","Delta-8-tetrahydrocannabinol","MCnc","Pt","Urine","Qn","LC/MS/MS","DRUG/TOX"
"ADD","101250-9","Aspergillus fumigatus","PrThr","Pt","Isolate","Ord","","MICRO"
"ADD","101251-7","Dense fine speckled 70 protein Ab","PrThr","Pt","Ser/Plas","Ord","","SERO"
"ADD","101252-5","Urea","MCnc","Pt","Dial fld","Qn","","CHEM"
"ADD","101253-3","Thrombin generation test","Imp","Pt","PPP","Nar","","COAG"
"ADD","101254-1","Herpes virus 6 DNA","ACnc","Pt","Ser/Plas","Qn","Probe.amp.tar","MICRO"
"ADD","101255-8","Herpes virus 6 DNA","ACnc","Pt","Bld","Qn","Probe.amp.tar","MICRO"
"ADD","101256-6","Silica clotting time","RelTime","Pt","PPP","Qn","","COAG"
"ADD","101257-4","Silica clotting time.excess phospholipid actual/Normal","RelTime","Pt","PPP","Qn","","COAG"
"ADD","101258-2","MDS v3.0 - RAI v1.18.11 - Identification Information","-","Pt","^Patient","-","CMS Assessment","PANEL.SURVEY.CMS"
"ADD","101259-0","MDS v3.0 - RAI v1.18.11 - Hearing, Speech, and Vision","-","Pt","^Patient","-","CMS Assessment","PANEL.SURVEY.CMS"
"ADD","101260-8","MDS v3.0 - RAI v1.18.11 - Cognitive Patterns","-","Pt","^Patient","-","CMS Assessment","PANEL.SURVEY.CMS"
"ADD","101261-6","MDS v3.0 - RAI v1.18.11 - Mood","-","Pt","^Patient","-","CMS Assessment","PANEL.SURVEY.CAM"
"ADD","101262-4","MDS v3.0 - RAI v1.18.11 - Behavior","-","Pt","^Patient","-","CMS Assessment","PANEL.SURVEY.CMS"
"ADD","101263-2","MDS v3.0 - RAI v1.18.11 - Preferences for Customary Routine and Activities","-","Pt","^Patient","-","CMS Assessment","PANEL.SURVEY.ACT"
"ADD","101264-0","MDS v3.0 - RAI v1.18.11 - Functional Abilities and Goals","-","Pt","^Patient","-","CMS Assessment","PANEL.SURVEY.CMS"
"ADD","101265-7","MDS v3.0 - RAI v1.18.11 - Functional Abilities and Goals - Admission","-","Pt","^Patient","-","CMS Assessment","PANEL.SURVEY.ACT"
"ADD","101266-5","MDS v3.0 - RAI v1.18.11 - Functional Abilities and Goals - Discharge","-","Pt","^Patient","-","CMS Assessment","PANEL.SURVEY.CMS"
"ADD","101267-3","MDS v3.0 - RAI v1.18.11 - Functional Abilities and Goals - OBRA &or Interim","-","Pt","^Patient","-","CMS Assessment","PANEL.SURVEY.CMS"
"ADD","101268-1","MDS v3.0 - RAI v1.18.11 - Bladder and Bowel","-","Pt","^Patient","-","CMS Assessment","PANEL.SURVEY.CMS"
"ADD","101269-9","MDS v3.0 - RAI v1.18.11 - Active Diagnoses","-","Pt","^Patient","-","CMS Assessment","PANEL.SURVEY.CMS"
"ADD","101270-7","MDS v3.0 - RAI v1.18.11 - Health Conditions","-","Pt","^Patient","-","CMS Assessment","PANEL.SURVEY.CMS"
"ADD","101271-5","MDS v3.0 - RAI v1.18.11 - Swallowing &or Nutritional Status","-","Pt","^Patient","-","CMS Assessment","PANEL.SURVEY.CMS"
"ADD","101272-3","MDS v3.0 - RAI v1.18.11 - Oral &or Dental Status","-","Pt","^Patient","-","CMS Assessment","PANEL.SURVEY.CMS"
"ADD","101273-1","MDS v3.0 - RAI v1.18.11 - Skin Conditions","-","Pt","^Patient","-","CMS Assessment","PANEL.SURVEY.ACT"
"ADD","101274-9","MDS v3.0 - RAI v1.18.11 - Medications","-","Pt","^Patient","-","CMS Assessment","PANEL.SURVEY.CMS"
"ADD","101275-6","MDS v3.0 - RAI v1.18.11 - Header - Special Treatments, Procedures, and Programs","-","Pt","^Patient","-","CMS Assessment","PANEL.SURVEY.CMS"
"ADD","101276-4","MDS v3.0 - RAI v1.18.11 - Restraints and Alarms","-","Pt","^Patient","-","CMS Assessment","PANEL.SURVEY.CMS"
"ADD","101277-2","MDS v3.0 - RAI v1.18.11 - Participation in Assessment and Goal Setting","-","Pt","^Patient","-","CMS Assessment","PANEL.SURVEY.CMS"
"ADD","101278-0","MDS v3.0 - RAI v1.18.11 - Care Area Assessment (CAA) Summary","-","Pt","^Patient","-","CMS Assessment","PANEL.SURVEY.ACT"
"ADD","101279-8","MDS v3.0 - RAI v1.18.11 - Correction Request","-","Pt","^Patient","-","CMS Assessment","PANEL.SURVEY.CMS"
"ADD","101280-6","MDS v3.0 - RAI v1.18.11 - Assessment Administration","-","Pt","^Patient","-","CMS Assessment","PANEL.SURVEY.CMS"
"ADD","101281-4","Neurofilament light chain","MCnc","Pt","Ser/Plas","Qn","IA","CHEM"
"ADD","101282-2","Mitragynine","PrThr","Pt","TissCo","Ord","","DRUG/TOX"
"ADD","101283-0","Speciociliatine","PrThr","Pt","TissCo","Ord","","DRUG/TOX"
"ADD","101284-8","Bordetella pertussis DNA","PrThr","Pt","Nph","Ord","Non-probe.amp.tar","MICRO"
"ADD","101285-5","Pharyngeal pathogens DNA & RNA panel","-","Pt","Thrt","-","Non-probe.amp.tar","PANEL.MICRO"
"ADD","101286-3","Adenovirus DNA","PrThr","Pt","Thrt","Ord","Non-probe.amp.tar","MICRO"
"ADD","101287-1","Chlamydophila pneumoniae DNA","PrThr","Pt","Thrt","Ord","Non-probe.amp.tar","MICRO"
"ADD","101288-9","Human coronavirus 229E+HKU1+NL63+OC43 RNA","PrThr","Pt","Thrt","Ord","Non-probe.amp.tar","MICRO"
"ADD","101289-7","SARS coronavirus 2 RNA","PrThr","Pt","Thrt","Ord","Non-probe.amp.tar","MICRO"
"ADD","101290-5","Human metapneumovirus RNA","PrThr","Pt","Thrt","Ord","Non-probe.amp.tar","MICRO"
"ADD","101291-3","Rhinovirus+Enterovirus RNA","PrThr","Pt","Thrt","Ord","Non-probe.amp.tar","MICRO"
"ADD","101292-1","Influenza virus A RNA","PrThr","Pt","Thrt","Ord","Non-probe.amp.tar","MICRO"
"ADD","101293-9","Influenza virus A H1 2009 pandemic RNA","PrThr","Pt","Thrt","Ord","Non-probe.amp.tar","MICRO"
"ADD","101294-7","Influenza virus A H3 RNA","PrThr","Pt","Thrt","Ord","Non-probe.amp.tar","MICRO"
"ADD","101295-4","Influenza virus B RNA","PrThr","Pt","Thrt","Ord","Non-probe.amp.tar","MICRO"
"ADD","101296-2","Mycoplasma pneumoniae DNA","PrThr","Pt","Thrt","Ord","Non-probe.amp.tar","MICRO"
"ADD","101297-0","Parainfluenza virus 1+2+3+4 RNA","PrThr","Pt","Thrt","Ord","Non-probe.amp.tar","MICRO"
"ADD","101298-8","Respiratory syncytial virus RNA","PrThr","Pt","Thrt","Ord","Non-probe.amp.tar","MICRO"
"ADD","101299-6","Streptococcus dysgalactiae subspecies equisimilis DNA","PrThr","Pt","Thrt","Ord","Non-probe.amp.tar","MICRO"
"ADD","101300-2","Streptococcus pyogenes DNA","PrThr","Pt","Thrt","Ord","Non-probe.amp.tar","MICRO"
"ADD","101301-0","Views 2 && Views AP + lateral","Find","Pt","Chest>Spine.thoracic && Abdomen","Doc","XR","RAD"
"ADD","101302-8","Leptospira sp DNA","PrThr","Pt","Bld","Ord","Non-probe.amp.tar","MICRO"
"ADD","101303-6","Chikungunya virus RNA","PrThr","Pt","Bld","Ord","Non-probe.amp.tar","MICRO"
"ADD","101304-4","Dengue virus 1+2+3+4 RNA","PrThr","Pt","Bld","Ord","Non-probe.amp.tar","MICRO"
"ADD","101305-1","Plasmodium sp DNA","PrThr","Pt","Bld","Ord","Non-probe.amp.tar","MICRO"
"ADD","101306-9","Plasmodium falciparum DNA","PrThr","Pt","Bld","Ord","Non-probe.amp.tar","MICRO"
"ADD","101307-7","Plasmodium vivax+ovale DNA","PrThr","Pt","Bld","Ord","Non-probe.amp.tar","MICRO"
"ADD","101308-5","Glucose post arginine stimulation panel","-","Pt","Ser/Plas","-","","PANEL.CHAL"
"ADD","101309-3","Glucose^2H post dose arginine","MCnc","Pt","Ser/Plas","Qn","","CHAL"
"ADD","101310-1","Somatotropin post insulin stimulation panel","-","Pt","Ser/Plas","-","","PANEL.CHAL"
"ADD","101311-9","17-Hydroxyprogesterone^30M post dose corticotropin","MCnc","Pt","Ser/Plas","Qn","","CHAL"
"ADD","101312-7","17-Hydroxyprogesterone^1H post dose corticotropin","MCnc","Pt","Ser/Plas","Qn","","CHAL"
"ADD","101313-5","17-Hydroxyprogesterone post corticotropin stimulation panel","-","Pt","Ser/Plas","-","","PANEL.CHAL"
"ADD","101314-3","17-Hydroxypregnenolone & 17-Hydroxyprogesterone post corticotropin stimulation panel","-","Pt","Ser/Plas","-","","PANEL.CHAL"
"ADD","101315-0","Cortisol & Cortisone panel","-","Pt","Urine","-","","PANEL.CHEM"
"ADD","101316-8","Cortisol & 17-Hydroxyprogesterone post corticotropin stimulation panel","-","Pt","Ser/Plas","-","","PANEL.CHAL"
"ADD","101317-6","17-Hydroxypregnenolone^30M post dose corticotropin","MCnc","Pt","Ser/Plas","Qn","","CHAL"
"ADD","101318-4","17-Hydroxypregnenolone^1H post dose corticotropin","MCnc","Pt","Ser/Plas","Qn","","CHAL"
"ADD","101319-2","Cortisol & Cortisone panel","-","24H","Urine","-","","PANEL.CHEM"
"ADD","101321-8","MDS v3.0 - RAI v1.18.11 - Self-Care - Admission Performance","-","RptPeriod","^Patient","-","CMS Assessment","PANEL.SURVEY.CMS"
"ADD","101322-6","MDS v3.0 - RAI v1.18.11 - Self-Care - Discharge Goal","-","RptPeriod","^Patient","-","CMS Assessment","PANEL.SURVEY.CMS"
"ADD","101323-4","MDS v3.0 - RAI v1.18.11 - Mobility - Admission Performance","-","RptPeriod","^Patient","-","CMS Assessment","PANEL.SURVEY.CMS"
"ADD","101324-2","MDS v3.0 - RAI v1.18.11 - Mobility - Discharge Goal","-","RptPeriod","^Patient","-","CMS Assessment","PANEL.SURVEY.CMS"
"ADD","101325-9","Tub &or shower transfer - functional goal","Find","Pt","^Patient","Ord","CMS Assessment","SURVEY.CMS"
"ADD","101326-7","MDS v3.0 - RAI v1.18.11 - Pain assessment interview","-","RptPeriod","^Patient","-","CMS Assessment","PANEL.SURVEY.CMS"
"ADD","101327-5","Nutritional approaches - on admission","Find","RptPeriod","^Patient","Nom","CMS Assessment","SURVEY.CMS"
"ADD","101328-3","Nutritional approaches - at discharge","Find","RptPeriod","^Patient","Nom","CMS Assessment","SURVEY.CMS"
"ADD","101329-1","Participation in assessment and goal setting","-","Pt","^Patient","-","CMS Assessment","PANEL.SURVEY.ACT"
"ADD","101330-9","Number of venous and arterial ulcers","Num","RptPeriod","^Patient","Qn","CMS Assessment","SURVEY.CMS"
"ADD","101331-7","Ulcers, wounds and skin problems","Find","RptPeriod","^Patient","Nom","CMS Assessment","SURVEY.CMS"
"ADD","101332-5","Reason referral to local contact agency not made","Find","Pt","^Patient","Nom","CMS Assessment","SURVEY.AAOS"
"ADD","101333-3","Determination of pressure injury risk","Find","Pt","^Patient","Nom","CMS Assessment","SURVEY.CMS"
"ADD","101334-1","Etizolam","MRto","Pt","Urine","Qn","Confirm","DRUG/TOX"
"ADD","101335-8","Etizolam","PrThr","Pt","Urine","Ord","Confirm","DRUG/TOX"
"ADD","101336-6","W little r super little b Ag","PrThr","Pt","RBC","Ord","","BLDBK"
"ADD","101337-4","Treatment preferences under certain health conditions","Find","Pt","^Patient","Nar","Reported","SURVEY.GNHLTH"
"ADD","101338-2","Coagulation factor X inhibitor","ACnc","Pt","PPP","Qn","Chromo","COAG"
"ADD","101339-0","Cholesterol","PrThr","Pt","Fibroblasts","Ord","Filipin stain","PATH"
"ADD","101340-8","Aeromonas sp DNA","PrThr","Pt","Stool","Ord","Probe.amp.tar","MICRO"
"ADD","101341-6","BK virus DNA","ACnc","Pt","Bld","Qn","Probe.amp.tar","MICRO"
"ADD","101342-4","JC virus DNA","ACnc","Pt","Ser/Plas","Qn","Probe.amp.tar","MICRO"
"ADD","101343-2","Erythrocytes.parasite sp infected/100 cells","NFr","Pt","Bld","Qn","","MICRO"
"ADD","101344-0","Acute febrile illness global pathogens panel","-","Pt","Bld","-","Non-probe.amp.tar","PANEL.MICRO"
"ADD","101345-7","Candida krusei DNA","PrThr","Pt","XXX","Ord","Probe.amp.tar","MICRO"
"ADD","101346-5","MDS v3.0 - RAI v1.18.11 - Special Treatments, Procedures, and Programs","-","Pt","^Patient","-","CMS Assessment","PANEL.SURVEY.CMS"
"ADD","101347-3","Return to Community","-","Pt","^Patient","-","CMS Assessment","PANEL.SURVEY.CMS"
"ADD","101348-1","Palmitoyl protein thioesterase & Tripeptidyl peptidase I panel","-","Pt","Bld.dot","-","","PANEL.CHEM"
"ADD","101349-9","Jurisdiction where advance directive is accepted","Loc","Pt","^Patient","Nom","","HL7.CCDA"
"ADD","101350-7","Consultation note","Find","Pt","{Setting}","Doc","Orthopaedic+Trauma Surgery","DOC.ONTOLOGY"
"ADD","101351-5","Has lack of transportation kept you from medical appointments, meetings, work, or from getting things needed for daily living","Find","Pt","^Patient","Nom","CMS Assessment","SURVEY.CMS"
"ADD","101352-3","Borrelia burgdorferi Ab.IgG & IgM with reflex to immunoassay panel","-","Pt","Ser/Plas","-","","PANEL.MICRO"
"ADD","101353-1","Borrelia burgdorferi Ab","Imp","Pt","Ser","Ord","IA.MTTT","MICRO"
"ADD","101354-9","Borrelia afzelii+burgdorferi+garinii Ab.IgG+IgM","PrThr","Pt","Ser","Ord","IA","MICRO"
"ADD","101355-6","Borrelia afzelii+burgdorferi+garinii Ab.IgM","PrThr","Pt","Ser","Ord","IA","MICRO"
"ADD","101356-4","Borrelia afzelii+burgdorferi+garinii Ab","Imp","Pt","Ser","Nom","IA.MTTT","MICRO"
"ADD","101357-2","Borrelia burgdorferi.VlsE+OspC Ab.IgG+IgM","PrThr","Pt","Ser","Ord","IA","MICRO"
"ADD","101358-0","Borrelia burgdorferi Ab","Imp","Pt","Ser","Nom","IA.MTTT","MICRO"
"ADD","101359-8","Bioterrorism agent panel","-","Pt","XXX","-","Non-probe.amp.tar","PANEL.MICRO"
"ADD","101360-6","Bacillus anthracis plasmid pXO1 DNA","PrThr","Pt","Bld","Ord","Non-probe.amp.tar","MICRO"
"ADD","101361-4","Bacillus anthracis plasmid pXO2 DNA","PrThr","Pt","Bld","Ord","Non-probe.amp.tar","MICRO"
"ADD","101362-2","Bacillus anthracis DNA","PrThr","Pt","Bld","Ord","Non-probe.amp.tar","MICRO"
"ADD","101363-0","Yersinia pestis DNA","PrThr","Pt","Bld","Ord","Non-probe.amp.tar","MICRO"
"ADD","101364-8","Francisella tularensis DNA","PrThr","Pt","Bld","Ord","Non-probe.amp.tar","MICRO"
"ADD","101365-5","Coxiella burnetii DNA","PrThr","Pt","Bld","Ord","Non-probe.amp.tar","MICRO"
"ADD","101366-3","Ebola virus RNA","PrThr","Pt","Bld","Ord","Non-probe.amp.tar","MICRO"
"ADD","101367-1","Marburg virus RNA","PrThr","Pt","Bld","Ord","Non-probe.amp.tar","MICRO"
"ADD","101368-9","Bacillus anthracis DNA","PrThr","Pt","Bld.pos growth","Ord","Non-probe.amp.tar","MICRO"
"ADD","101369-7","Bacillus anthracis plasmid pXO1 DNA","PrThr","Pt","Bld.pos growth","Ord","Non-probe.amp.tar","MICRO"
"ADD","101370-5","Bacillus anthracis plasmid pXO2 DNA","PrThr","Pt","Bld.pos growth","Ord","Non-probe.amp.tar","MICRO"
"ADD","101371-3","Yersinia pestis DNA","PrThr","Pt","Bld.pos growth","Ord","Non-probe.amp.tar","MICRO"
"ADD","101372-1","Yersinia pestis DNA","PrThr","Pt","Sputum","Ord","Non-probe.amp.tar","MICRO"
"ADD","101373-9","Francisella tularensis DNA","PrThr","Pt","Sputum","Ord","Non-probe.amp.tar","MICRO"
"ADD","101374-7","Referral has been made to the local contact agency","Find","-","Patient education material","Ord","CMS Assessment","SURVEY.CMS"
"ADD","101375-4","Troponin I.cardiac^2H post baseline measurement","MCncDiff","Pt","Ser/Plas","Qn","Calculation","CHEM"
"ADD","101376-2","Megakaryocytes","PrThr","Pt","Bld","Ord","Microscopy.light","HEM/BC"
"ADD","101377-0","inv(16)(p13.1;q22.1)(MYH11,CBFB) fusion transcript","Find","Pt","Bld/Bone mar","Doc","Molgen","MOLPATH"
"ADD","101378-8","Lung cancer targeted gene fusion transcript analysis","Find","Pt","Tiss","Doc","Sequencing","MOLPATH"
"ADD","101379-6","DDIT3 gene rearrangement","Find","Pt","Bld/Tiss","Doc","FISH","MOLPATH.REARRANGE"
"ADD","101380-4","ETV6 gene rearrangements","Find","Pt","Tiss","Doc","FISH","MOLPATH.REARRANGE"
"ADD","101381-2","BAP1 gene deletion+duplication & full mutation analysis","Find","Pt","Bld/Tiss","Doc","Molgen","MOLPATH"
"ADD","101382-0","FH gene deletion+duplication & full mutation analysis","Find","Pt","Bld/Tiss","Doc","Molgen","MOLPATH"
"ADD","101383-8","FUS gene rearrangements","Find","Pt","Bld/Tiss","Doc","FISH","MOLPATH.REARRANGE"
"ADD","101384-6","MYC gene amplification","Find","Pt","Tiss","Doc","FISH","MOLPATH"
"ADD","101385-3","NF1 gene deletion+duplication & full mutation analysis","Find","Pt","Bld/Tiss","Doc","Molgen","MOLPATH"
"ADD","101386-1","RET gene deletion+duplication & full mutation analysis","Find","Pt","Bld/Tiss","Doc","Molgen","MOLPATH"
"ADD","101387-9","HBA1 & HBA2 gene full mutation analysis","Find","Pt","Bld/Tiss","Doc","Molgen","MOLPATH"
"ADD","101388-7","GP1BB gene full mutation analysis","Find","Pt","Bld/Tiss","Doc","Molgen","MOLPATH"
"ADD","101389-5","GP1BA gene full mutation analysis","Find","Pt","Bld/Tiss","Doc","Molgen","MOLPATH"
"ADD","101390-3","GP9 gene full mutation analysis","Find","Pt","Bld/Tiss","Doc","Molgen","MOLPATH"
"ADD","101391-1","PAH gene full mutation analysis","Find","Pt","Bld/Tiss","Doc","Molgen","MOLPATH"
"ADD","101392-9","ADA gene full mutation analysis","Find","Pt","Bld/Tiss","Doc","Molgen","MOLPATH"
"ADD","101393-7","CLCN7 gene full mutation analysis","Find","Pt","Bld/Tiss","Doc","Molgen","MOLPATH"
"ADD","101394-5","Sex","Type","Pt","^Embryo","Nom","Molgen","MOLPATH"
"ADD","101395-2","Translocation analysis","Find","Pt","^Embryo","Doc","Molgen","MOLPATH.TRNLOC"
"ADD","101396-0","Preimplantation multigene analysis","Find","Pt","^Embryo","Doc","Molgen","MOLPATH"
"ADD","101397-8","Copy number variation analysis","Find","Pt","Bld/Tiss","Doc","Sequencing","MOLPATH"
"ADD","101398-6","Monkeypox virus & Orthopoxvirus.non-variola DNA panel","-","Pt","XXX","-","","PANEL.MICRO"
"ADD","101399-4","Monkeypox virus & Orthopoxvirus.non-variola DNA","Prid","Pt","XXX","Nom","Probe.amp.tar","MICRO"
"ADD","101400-0","Metanephrine, Normetanephrine, 3-Methoxytyramine panel","-","24H","Urine","-","","PANEL.DRUG/TOX"
"ADD","101401-8","Tapentadol & Nortapentadol panel","-","Pt","Urine","-","","PANEL.DRUG/TOX"
"ADD","101402-6","Phenylalanine & Tyrosine panel","-","Pt","Ser/Plas","-","","PANEL.CHEM"
"ADD","101403-4","Borrelia burgdorferi.VlsE1+pepC10 Ab.IgG+IgM","PrThr","Pt","Ser","Ord","IA","MICRO"
"ADD","101404-2","Borrelia afzelii+burgdorferi+garinii Ab.IgG & IgM panel","-","Pt","Ser/Plas","-","IA","MICRO"
"ADD","101405-9","Amyloid protein","Find","Pt","Tiss","Doc","Congo red stain+LC/MS/MS","CHEM"
"ADD","101406-7","Sudan virus RNA","PrThr","Pt","Bld","Ord","Probe.amp.tar","MICRO"
"ADD","101407-5","Laceyella sacchari Ab.IgG","ACnc","Pt","Ser","Qn","","MICRO"
"ADD","101408-3","Sesamum indicum 1 Ab.IgE.RAST class","PrThr","Pt","Ser","Ord","","ALLERGY"
"ADD","101409-1","Anaplasma phagocytophilum & Babesia microti & Ehrlichia chaffeensis Ab.IgG panel","-","Pt","Ser","-","","PANEL.MICRO"
"ADD","101410-9","C peptide post XXX challenge panel","-","Pt","Ser","-","","PANEL.CHAL"
"ADD","101411-7","Dupilumab^trough","MCnc","Pt","Ser/Plas","Qn","LC/MS/MS","DRUG/TOX"
"ADD","101412-5","Dolutegravir^trough","MCnc","Pt","Ser/Plas","Qn","LC/MS/MS","DRUG/TOX"
"ADD","101413-3","Bictegravir^trough","MCnc","Pt","Ser/Plas","Qn","LC/MS/MS","DRUG/TOX"
"ADD","101414-1","Lymphocyte TCR alpha beta double negative subsets panel","-","Pt","Bld","-","","PANEL.CELLMARK"
"ADD","101415-8","Blastomyces sp & Blastomyces dermatitidis Ag panel","-","Pt","Urine","-","","PANEL.MICRO"
"ADD","101416-6","Pediatric autoimmune central nervous system disorders evaluation panel","-","Pt","CSF","-","","PANEL.CHEM"
"ADD","101417-4","Pediatric autoimmune central nervous system disorders evaluation panel","-","Pt","Ser/Plas","-","","PANEL.CHEM"
"ADD","101418-2","Microorganism level of similarity to reference sample","Score","Pt","Isolate/Specimen","Qn","MS.MALDI-TOF","MICRO"
"ADD","101419-0","Human coronavirus 229E RNA","PrThr","Pt","Respiratory","Ord","Probe.amp.tar","MICRO"
"ADD","101420-8","Human coronavirus HKU1 RNA","PrThr","Pt","Respiratory","Ord","Probe.amp.tar","MICRO"
"ADD","101421-6","Human coronavirus NL63 RNA","PrThr","Pt","Respiratory","Ord","Probe.amp.tar","MICRO"
"ADD","101422-4","Human coronavirus OC43 RNA","PrThr","Pt","Respiratory","Ord","Probe.amp.tar","MICRO"
"ADD","101423-2","Influenza virus A H1 RNA","PrThr","Pt","Respiratory","Ord","Probe.amp.tar","MICRO"
"ADD","101424-0","Influenza virus A H3 RNA","PrThr","Pt","Respiratory","Ord","Probe.amp.tar","MICRO"
"ADD","101425-7","Respiratory syncytial virus A RNA","PrThr","Pt","Respiratory","Ord","Probe.amp.tar","MICRO"
"ADD","101426-5","Respiratory syncytial virus B RNA","PrThr","Pt","Respiratory","Ord","Probe.amp.tar","MICRO"
"ADD","101427-3","Shigella sp DNA","PrThr","Pt","Stool","Ord","Probe.amp.tar","MICRO"
"ADD","101428-1","Varicella zoster virus DNA","PrThr","Pt","Respiratory","Ord","Probe.amp.tar","MICRO"
"ADD","101429-9","Self-Care - Discharge Performance","-","RptPeriod","^Patient","-","CMS Assessment","PANEL.SURVEY.CMS"
"ADD","101430-7","Self-Care - OBRA/Interim Performance","-","RptPeriod","^Patient","-","CMS Assessment","PANEL.SURVEY.CMS"
"ADD","101431-5","Mobility - Discharge Performance","-","RptPeriod","^Patient","-","CMS Assessment","PANEL.SURVEY.CMS"
"ADD","101432-3","Mobility - OBRA/Interim Performance","-","RptPeriod","^Patient","-","CMS Assessment","PANEL.SURVEY.CMS"
"ADD","101433-1","Bacterial vaginosis score","Score","Pt","Vag","Ord","Nugent","MICRO"
"ADD","101434-9","2-Ketobutyrate","SCnc","Pt","Ser/Plas","Qn","","CHEM"
"ADD","101435-6","Referral","-","Pt","^Patient","-","CMS Assessment","PANEL.SURVEY.CMS"
"ADD","101436-4","Discharge Plan","-","Pt","^Patient","-","CMS Assessment","PANEL.SURVEY.CMS"
"ADD","101437-2","Intentional animal genomic alteration label","-","-","^FDA product label","Nar","","DOCUMENT.REGULATORY"
"ADD","101438-0","CHAMPS pediatric fall risk assessment","-","Pt","^Patient","-","CHAMPS","PANEL.CLIN.RISK"
"ADD","101439-8","Change in mental status","Find","Pt","^Patient","Ord","","CLIN.RISK"
"ADD","101440-6","Falls","Hx","Pt","^Patient","Ord","","CLIN.RISK"
"ADD","101441-4","CHAMPS pediatric fall risk assessment","Imp","Pt","^Patient","Ord","CHAMPS","CLIN.RISK"
"ADD","101442-2","Total Score","Score","Pt","^Patient","Qn","CHAMPS","CLIN.RISK"
"ADD","101443-0","Soluble urokinase plasminogen activator receptor","MCnc","Pt","Plas","Qn","","CHEM"
"ADD","101444-8","Solitary lung nodule risk of malignancy","Scale","Pt","^Patient","Ord","Calculated.Nodify XL2","SERO"
"ADD","101445-5","Solitary lung nodule risk of malignancy","Scale","Pt","^Patient","Ord","Calculated.Nodify CDT","SERO"
"ADD","101446-3","Creatine Kinase.MB","SCnc","Pt","Ser/Plas","Qn","IA","CHEM"
"ADD","101447-1","Contactin-associated protein 1 Ab.IgG & Neurofascin155 Ab.IgG4 panel","-","Pt","Ser/Plas","-","","PANEL.SERO"
"ADD","101448-9","Contactin-associated protein 1 Ab.IgG","PrThr","Pt","Ser/Plas","Ord","CBA IFA","SERO"
"ADD","101449-7","Neurochondrin Ab","PrThr","Pt","CSF","Ord","CBA IFA","SERO"
"ADD","101450-5","Neurochondrin Ab","PrThr","Pt","Ser/Plas","Ord","CBA IFA","SERO"
"ADD","101451-3","Neurochondrin Ab","PrThr","Pt","CSF","Ord","IF","SERO"
"ADD","101452-1","Neurochondrin Ab","PrThr","Pt","Ser/Plas","Ord","IF","SERO"
"ADD","101453-9","Neurochondrin Ab","Titr","Pt","CSF","Qn","IF","SERO"
"ADD","101454-7","Neurochondrin Ab","Titr","Pt","Ser/Plas","Qn","IF","SERO"
"ADD","101455-4","Mitochondrial metabolites panel","-","Pt","Ser/Plas","-","","PANEL.CHEM"
"ADD","101456-2","Septin-7 Ab.IgG","Titr","Pt","Ser/Plas","Qn","IF","SERO"
"ADD","101457-0","Septin-7 Ab.IgG","Titr","Pt","CSF","Qn","IF","SERO"
"ADD","101458-8","Septin-5 Ab.IgG","Titr","Pt","Ser/Plas","Qn","IF","SERO"
"ADD","101459-6","Septin-5 Ab.IgG","Titr","Pt","CSF","Qn","IF","SERO"
"ADD","101460-4","Septin-5 Ab.IgG","PrThr","Pt","Ser/Plas","Ord","IF","SERO"
"ADD","101461-2","Septin-5 Ab.IgG","PrThr","Pt","CSF","Ord","IF","SERO"
"ADD","101462-0","Septin-5 Ab.IgG","PrThr","Pt","CSF","Ord","CBA IFA","SERO"
"ADD","101463-8","Septin-5 Ab.IgG","PrThr","Pt","Ser/Plas","Ord","CBA IFA","SERO"
"ADD","101464-6","Septin-7 Ab.IgG","PrThr","Pt","CSF","Ord","IF","SERO"
"ADD","101465-3","Septin-7 Ab.IgG","PrThr","Pt","Ser/Plas","Ord","IF","SERO"
"ADD","101466-1","Septin-7 Ab.IgG","PrThr","Pt","CSF","Ord","CBA IFA","SERO"
"ADD","101467-9","Septin-7 Ab.IgG","PrThr","Pt","Ser/Plas","Ord","CBA IFA","SERO"
"ADD","101468-7","Risk adjustment coding gap report","Find","Pt","{Setting}","Doc","{Role}","DOC.MISC"
"ADD","101469-5","HBA1+2 gene FIL deletion","PrThr","Pt","Bld","Ord","Molgen","MOLPATH.DEL"
"ADD","101470-3","HBA1+2 gene THAI deletion","PrThr","Pt","Bld","Ord","Molgen","MOLPATH.DEL"
"ADD","101471-1","Alpha globin gene deletion panel","-","Pt","Bld","-","","PANEL.MOLPATH"
"ADD","101472-9","Catalase","PrThr","Pt","Urine","Ord","","MICRO"
"ADD","101473-7","Gas & electrolytes panel","-","Pt","BldV","Qn","","PANEL.CHEM"
"ADD","101474-5","Adenovirus DNA & Human Metapneumovirus & Rhinovirus RNA panel","-","Pt","Respiratory","-","Probe.amp.tar","PANEL.MICRO"
"ADD","101475-2","Creatinine","SCnc","Pt","BldV","Qn","","CHEM"
"ADD","101476-0","Glucose^post CFst","SCnc","Pt","BldV","Qn","","CHAL"
"ADD","101477-8","Ampicillin","Susc","Pt","Bld.pos growth","OrdQn","MIC.VOC detection","ABXBACT"
"ADD","101478-6","Ampicillin+Sulbactam","Susc","Pt","Bld.pos growth","OrdQn","MIC.VOC detection","ABXBACT"
"ADD","101479-4","Cefotaxime","Susc","Pt","Bld.pos growth","OrdQn","MIC.VOC detection","ABXBACT"
"ADD","101480-2","Cefotaxime+Clavulanate","Susc","Pt","Bld.pos growth","OrdQn","MIC.VOC detection","ABXBACT"
"ADD","101481-0","Ceftazidime","Susc","Pt","Bld.pos growth","OrdQn","MIC.VOC detection","ABXBACT"
"ADD","101482-8","Ceftazidime+Clavulanate","Susc","Pt","Bld.pos growth","OrdQn","MIC.VOC detection","ABXBACT"
"ADD","101483-6","cefTAZidime+Avibactam","Susc","Pt","Bld.pos growth","OrdQn","MIC.VOC detection","ABXBACT"
"ADD","101484-4","Ceftolozane+Tazobactam","Susc","Pt","Bld.pos growth","OrdQn","MIC.VOC detection","ABXBACT"
"ADD","101485-1","Ceftriaxone","Susc","Pt","Bld.pos growth","OrdQn","MIC.VOC detection","ABXBACT"
"ADD","101486-9","Ertapenem","Susc","Pt","Bld.pos growth","OrdQn","MIC.VOC detection","ABXBACT"
"ADD","101487-7","Imipenem","Susc","Pt","Bld.pos growth","OrdQn","MIC.VOC detection","ABXBACT"
"ADD","101488-5","Meropenem","Susc","Pt","Bld.pos growth","OrdQn","MIC.VOC detection","ABXBACT"
"ADD","101489-3","Meropenem+Vaborbactam","Susc","Pt","Bld.pos growth","OrdQn","MIC.VOC detection","ABXBACT"
"ADD","101490-1","Piperacillin","Susc","Pt","Bld.pos growth","OrdQn","MIC.VOC detection","ABXBACT"
"ADD","101491-9","Piperacillin+Tazobactam","Susc","Pt","Bld.pos growth","OrdQn","MIC.VOC detection","ABXBACT"
"ADD","101492-7","Cefoxitin","Susc","Pt","Bld.pos growth","OrdQn","MIC.VOC detection","ABXBACT"
"ADD","101493-5","Amikacin","Susc","Pt","Bld.pos growth","OrdQn","MIC.VOC detection","ABXBACT"
"ADD","101494-3","Gentamicin","Susc","Pt","Bld.pos growth","OrdQn","MIC.VOC detection","ABXBACT"
"ADD","101495-0","Trimethoprim+Sulfamethoxazole","Susc","Pt","Bld.pos growth","OrdQn","MIC.VOC detection","ABXBACT"
"ADD","101496-8","Tobramycin","Susc","Pt","Bld.pos growth","OrdQn","MIC.VOC detection","ABXBACT"
"ADD","101497-6","Aztreonam","Susc","Pt","Bld.pos growth","OrdQn","MIC.VOC detection","ABXBACT"
"ADD","101498-4","Amoxicillin+Clavulanate","Susc","Pt","Bld.pos growth","OrdQn","MIC.VOC detection","ABXBACT"
"ADD","101499-2","Tigecycline","Susc","Pt","Bld.pos growth","OrdQn","MIC.VOC detection","ABXBACT"
"ADD","101500-7","Ciprofloxacin","Susc","Pt","Bld.pos growth","OrdQn","MIC.VOC detection","ABXBACT"
"ADD","101501-5","Levofloxacin","Susc","Pt","Bld.pos growth","OrdQn","MIC.VOC detection","ABXBACT"
"ADD","101502-3","Cefepime","Susc","Pt","Bld.pos growth","OrdQn","MIC.VOC detection","ABXBACT"
"ADD","101503-1","Cefuroxime","Susc","Pt","Bld.pos growth","OrdQn","MIC.VOC detection","ABXBACT"
"ADD","101504-9","Tetracycline","Susc","Pt","Bld.pos growth","OrdQn","MIC.VOC detection","ABXBACT"
"ADD","101505-6","Bacterial susceptibility panel","-","Pt","Bld.pos growth","-","MIC.VOC detection","PANEL.ABXBACT"
"ADD","101506-4","Phosphatidylethanol panel","-","Pt","Bld","-","","PANEL.DRUG/TOX"
"ADD","101507-2","Suicide screening report","Find","Pt","^Patient","Doc","","DOC.MISC"
"ADD","101508-0","Salmonella serogroup D1","PrThr","Pt","XXX","Ord","IA","MICRO"
"ADD","101509-8","Colony count","NCnc","Pt","XXX","Qn","Culture.standard plate count","MICRO"
"ADD","101510-6","Porcine DNA","ThreshNum","Pt","XXX","Qn","Probe.amp.tar","MICRO"
"ADD","101511-4","Salmonella enterica serotype 1,4,[5],12:i:-","ThreshNum","Pt","XXX","Qn","Probe.amp.tar","MICRO"
"ADD","101512-2","Salmonella typhimurium DNA","ThreshNum","Pt","XXX","Qn","Probe.amp.tar","MICRO"
"ADD","101513-0","Mycoplasma flocculare DNA","ThreshNum","Pt","XXX","Qn","Probe.amp.tar","MICRO"
"ADD","101514-8","Equine herpesvirus 1 non-neuropathogenic A2254 variant DNA","ThreshNum","Pt","XXX","Qn","Probe.amp.tar","MICRO"
"ADD","101515-5","Equine herpesvirus 1 neuropathogenic G2254 variant DNA","ThreshNum","Pt","XXX","Qn","Probe.amp.tar","MICRO"
"ADD","101516-3","Salmonella dublin Ab","AFr","Pt","XXX","Qn","IA","MICRO"
"ADD","101517-1","Canine parvovirus DNA VP2 gene","PrThr","Pt","Isolate","Ord","Sequencing","MICRO"
"ADD","101518-9","Canine Parvovirus 2 DNA","PrThr","Pt","XXX","Ord","Probe.amp.tar","MICRO"
"ADD","101519-7","Hemorrhagic enteritis virus Ab","Titr","Pt","Ser","Qn","IA","MICRO"
"ADD","101520-5","Avian reovirus RNA","ThreshNum","Pt","XXX","Qn","Probe.amp.tar","MICRO"
"ADD","101521-3","Hemorrhagic enteritis virus Ab/Positive control","RelRto","Pt","Ser","Qn","IA","MICRO"
"ADD","101522-1","Porcine deltacoronavirus S gene","Seq","Pt","Isolate","Nom","Sequencing","MICRO"
"ADD","101523-9","Bovine parainfluenza virus 3 Ab.Neut","Titr","Pt","Ser","Qn","Neut","MICRO"
"ADD","101524-7","Mycoplasma hyopneumoniae","Titr","Pt","XXX","Qn","","MICRO"
"ADD","101525-4","Valnemulin","Susc","Pt","Isolate","Qn","MIC","ABXBACT"
"ADD","101526-2","Tylvalosin","Susc","Pt","Isolate","Qn","MIC","ABXBACT"
"ADD","101527-0","Porcine epidemic diarrhea virus S1 gene","Prid","Pt","Isolate","Nom","Sequencing","MICRO"
"ADD","101528-8","Mycoplasma sp DNA","Prid","Pt","Isolate","Nom","Sequencing","MICRO"
"ADD","101529-6","Mycoplasma sp DNA","Seq","Pt","Isolate","Nom","Sequencing","MICRO"
"ADD","101530-4","Porcine epidemic diarrhea virus Ab.IgG","ACnc","Pt","XXX","Qn","IA","MICRO"
"ADD","101531-2","Porcine epidemic diarrhea virus S1 gene Ab.IgA","ACnc","Pt","Saliva","Qn","IA","MICRO"
"ADD","101533-8","Porcine reproductive and respiratory syndrome virus ORF5 gene sequence homology to RespPRRS","NFr","Pt","Isolate","Qn","Sequencing","MICRO"
"ADD","101534-6","Fungal 18S rRNA gene","Prid","Pt","XXX","Nom","Sequencing","MICRO"
"ADD","101535-3","Fungal 18S rRNA gene","Seq","Pt","XXX","Nom","Sequencing","MICRO"
"ADD","101536-1","Salmonella sp whole genome","Seq","Pt","Isolate","Nom","Sequencing","MICRO"
"ADD","101537-9","AGA gene","Imp","Pt","Ser","Nom","","MOLPATH"
"ADD","101538-7","SMA residual risk","Imp","Pt","Bld","Nar","Molgen","MOLPATH.MUT"
"ADD","101539-5","Tyrosine","Imp","Pt","Plas","Nom","","CHEM"
"ADD","101540-3","AGA gene","Likelihood","Pt","Ser","Qn","Calculation","MOLPATH"
"ADD","101541-1","Comprehensive plan of care note","Find","Pt","{Setting}","Doc","Multidisciplinary","DOC.ONTOLOGY"
"ADD","101542-9","Bacterial versus viral etiology indicator panel","-","Pt","Ser/Plas","-","","PANEL.CHEM"
"ADD","101543-7","Tumor necrosis factor ligand superfamily member 10","MCnc","Pt","Ser/Plas","Qn","","CHEM"
"ADD","101544-5","Bacterial versus viral infection likelihood","Score","Pt","^Patient","Qn","Calculated","CHEM"
"ADD","101545-2","FCGR3A gene.p.Phe158","Prid","Pt","Bld","Nom","Molgen","MOLPATH"
"ADD","101546-0","FCGR3A gene.p.Val158","Prid","Pt","Bld","Nom","Molgen","MOLPATH"
"ADD","101547-8","Hepatocyte Ag by paraffin 1","Find","Pt","Bld/Tiss","Ord","Immune stain","PATH"
"ADD","101548-6","P63 protein","Imp","Pt","Bld/Tiss","Ord","","PATH"
"ADD","101549-4","Schmid fall risk assessment","-","Pt","^Patient","-","Schmid","PANEL.CLIN.RISK"
"ADD","101550-2","Total Score","Score","Pt","^Patient","Qn","Schmid","CLIN.RISK"
"ADD","101551-0","Schmid fall risk assessment","Imp","Pt","^Patient","Ord","Schmid","CLIN.RISK"
"ADD","101552-8","Campylobacter coli DNA","PrThr","Pt","Stool","Ord","Probe.amp.tar","MICRO"
"ADD","101553-6","Aeromonas hydrophila DNA","PrThr","Pt","Stool","Ord","Probe.amp.tar","MICRO"
"ADD","101554-4","Campylobacter jejuni DNA","PrThr","Pt","Stool","Ord","Probe.amp.tar","MICRO"
"ADD","101555-1","Campylobacter upsaliensis DNA","PrThr","Pt","Stool","Ord","Probe.amp.tar","MICRO"
"ADD","101556-9","Candida krusei DNA","PrThr","Pt","Urine","Ord","Probe.amp.tar","MICRO"
"ADD","101557-7","Clostridioides difficile DNA","PrThr","Pt","Stool","Ord","Probe.amp.tar","MICRO"
"ADD","101558-5","Escherichia coli enteroinvasive DNA","PrThr","Pt","Stool","Ord","Probe.amp.tar","MICRO"
"ADD","101559-3","Listeria monocytogenes DNA","PrThr","Pt","Stool","Ord","Probe.amp.tar","MICRO"
"ADD","101560-1","Rotavirus B RNA","PrThr","Pt","Stool","Ord","Probe.amp.tar","MICRO"
"ADD","101561-9","Rotavirus C RNA","PrThr","Pt","Stool","Ord","Probe.amp.tar","MICRO"
"ADD","101562-7","Sapovirus genogroups I+II+IV RNA","PrThr","Pt","Stool","Ord","Probe.amp.tar","MICRO"
"ADD","101563-5","Sapovirus genogroup V RNA","PrThr","Pt","Stool","Ord","Probe.amp.tar","MICRO"
"ADD","101564-3","Gliadin peptide Ab.IgA+IgG","ACnc","Pt","Ser","Qn","IA","SERO"
"ADD","101565-0","Electrolytes panel","-","Pt","BldV","-","","PANEL.CHEM"
"ADD","101566-8","Human Coronavirus RNA","Find","Pt","XXX","Doc","","MICRO"
"ADD","101567-6","Parainfluenza virus RNA","Find","Pt","XXX","Doc","","MICRO"
"ADD","101568-4","Thyroglobulin & Thyroglobulin Ab panel","-","Pt","Tiss.FNA","-","","PANEL.CHEM"
"ADD","101569-2","Semen & urine analysis fertility panel","-","Pt","XXX","-","","PANEL.FERT"
"ADD","101570-0","Spermatozoa.normal chromatin/100 spermatozoa","NFr","Pt","Semen","Qn","","FERT"
"ADD","101571-8","Candida glabrata+krusei DNA","PrThr","Pt","Vag","Ord","Probe.amp.tar","MICRO"
"ADD","101572-6","Prenatal visits for this pregnancy","Find","Pt","^Patient","Ord","","OBGYN"
"ADD","101573-4","Diet at discharge","Find","Pt","^Patient","Ord","","OBGYN"
"ADD","101574-2","Body temperature^at admission","Temp","1H","^Patient","Qn","","OBGYN"
"ADD","101575-9","Delayed cord clamping","Find","Pt","^Newborn","Ord","","OBGYN"
"ADD","101576-7","Bacterial gyrB gene drug resistance mutation","Prid","Pt","Isolate/Specimen","Nom","Molgen","ABXBACT"
"ADD","101577-5","Cardioversion report","Find","Pt","Heart","Doc","","CARD.PROC"
"ADD","101578-3","Cardiac device monitoring report","Find","Pt","Heart","Doc","","CARD.PROC"
"ADD","101579-1","Multisection transthoracic limited","Find","Pt","Chest>Heart","Doc","US","CARD.US"
"ADD","101580-9","Multisection transthoracic limited for congenital disease","Find","Pt","Chest>Heart","Doc","US","CARD.US"
"ADD","101581-7","Multisection transthoracic for congenital disease","Find","Pt","Chest>Heart","Doc","US","CARD.US"
"ADD","101582-5","Views for protein-losing enteropathy^W Tc-99m HSA IV","Find","Pt","Abdomen+Pelvis>Gastrointestinal tract","Doc","NM","RAD"
"BEFORE","18682-5","Ambulance records","Find","Enctr","^Patient","Doc","","DOC.MISC"
"CHANGED","18682-5","Note","Find","Pt","Ambulance","Doc","Emergency medicine","DOC.ONTOLOGY"
"BEFORE","21561-6","Thermoactinomyces sacchari Ab","PrThr","Pt","Ser","Ord","","MICRO"
"CHANGED","21561-6","Laceyella sacchari Ab","PrThr","Pt","Ser","Ord","","MICRO"
"BEFORE","35318-5","Thermoactinomyces sacchari Ab","PrThr","Pt","Ser","Ord","Immune diffusion","MICRO"
"CHANGED","35318-5","Laceyella sacchari Ab","PrThr","Pt","Ser","Ord","Immune diffusion","MICRO"
"BEFORE","5377-7","Thermoactinomyces sacchari Ab","ACnc","Pt","Ser","Qn","","MICRO"
"CHANGED","5377-7","Laceyella sacchari Ab","ACnc","Pt","Ser","Qn","","MICRO"
"BEFORE","54558-2","Pain assessment interview","-","RptPeriod","^Patient","-","CMS Assessment","PANEL.SURVEY.CMS"
"CHANGED","54558-2","MDS v3.0 - RAI v1.17.1, 1.17.2 - Pain assessment interview during assessment period","-","RptPeriod","^Patient","-","CMS Assessment","PANEL.SURVEY.CMS"
"BEFORE","54593-9","Assessment reference date - observation end date","Date","Pt","^Patient","Qn","CMS Assessment","SURVEY.CMS"
"CHANGED","54593-9","Assessment reference date - observation end date","Date","Pt","^Patient","Qn","CMS Assessment","PANEL.SURVEY.CMS"
"BEFORE","66423-5","Medications","Find","Pt","Medication.current","Nom","PhenX","PHENX"
"CHANGED","66423-5","Medications","Find","Pt","Medication.current","Nom","","PHENX"
"ADD","67823-5","Borrelia burgdorferi Ab.IgG bands","Num","Pt","CSF","Qn","IB","MICRO"
"ADD","67825-0","Borrelia burgdorferi Ab.IgM bands","Num","Pt","CSF","Qn","IB","MICRO"
"BEFORE","77605-4","Influenza virus A H5 icA RNA","ThreshNum","Pt","XXX","Qn","Probe.amp.tar","MICRO"
"CHANGED","77605-4","Influenza virus A H5 RNA","ThreshNum","Pt","XXX","Qn","Probe.amp.tar","MICRO"
"BEFORE","86602-0","Mobility devices normally used during assessment period","Find","RptPeriod","^Patient","Nom","CMS Assessment","SURVEY.CMS"
"CHANGED","86602-0","Mobility devices normally used during assessment period","Type","RptPeriod","^Patient","Nom","CMS Assessment","SURVEY.CMS"
"BEFORE","86759-8","Special treatments, procedures, and programs","-","Pt","^Patient","-","CMS Assessment","PANEL.SURVEY.CMS"
"CHANGED","86759-8","MDS v3.0 - RAI v1.17.1, 1.17.2 - Special treatments, procedures, and programs","-","Pt","^Patient","-","CMS Assessment","PANEL.SURVEY.CMS"
"BEFORE","86794-5","Participation in assessment and goal setting","-","Pt","^Patient","-","CMS Assessment","PANEL.SURVEY.CMS"
"CHANGED","86794-5","MDS v3.0 - RAI v1.14.1 - Participation in assessment and goal setting","-","Pt","^Patient","-","CMS Assessment","PANEL.SURVEY.CMS"
"BEFORE","89371-9","Mycobacterium tuberculosis complex DNA & rpoB gene rifAMPin resistance mutation panel","PrThr","Pt","Isolate/Specimen","Ord","","PANEL.ABXBACT"
"CHANGED","89371-9","Mycobacterium tuberculosis complex DNA & rpoB gene rifAMPin resistance mutation panel","-","Pt","Isolate/Specimen","-","","PANEL.ABXBACT"
"BEFORE","93155-0","IRF-PAI v4.0, LCDS v5.00, OASIS E - High risk drug classes - use and indication","-","Pt","^Patient","-","CMS Assessment","PANEL.SURVEY.CMS"
"CHANGED","93155-0","IRF-PAI v4.0, LCDS v5.00, OASIS E - High risk drug classes - use and indication","-","RptPeriod","^Patient","-","CMS Assessment","PANEL.SURVEY.CMS"
"BEFORE","93156-8","How much of the time has pain made it hard for you to sleep at night over the past 5D","Find","5D","^Patient","Ord","CMS Assessment","SURVEY.CMS"
"CHANGED","93156-8","How much of the time has pain made it hard for you to sleep at night","Find","RptPeriod","^Patient","Ord","CMS Assessment","SURVEY.CMS"
"BEFORE","93158-4","How often have you limited your day-to-day activities because of pain over the past 5D","Find","5D","^Patient","Ord","CMS Assessment","SURVEY.CMS"
"CHANGED","93158-4","How often have you limited your day-to-day activities because of pain","Find","RptPeriod","^Patient","Ord","CMS Assessment","SURVEY.CMS"
"BEFORE","93160-0","How often have you limited your participation in rehabilitation therapy sessions due to pain over the past 5D","Find","5D","^Patient","Ord","CMS Assessment","SURVEY.CMS"
"CHANGED","93160-0","How often have you limited your participation in rehabilitation therapy sessions due to pain over","Find","RptPeriod","^Patient","Ord","CMS Assessment","SURVEY.CMS"
